task,target,n,time,status,output
fib_iter,go,40,0.009602,OK,102334155
fib_iter,python,40,0.000003,OK,TIME: 0.000003
fib_iter,vm,40,0.009266,OK,102334155
fib_iter,go,60,0.003694,OK,1548008755920
fib_iter,python,60,0.000004,OK,TIME: 0.000004
fib_iter,vm,60,0.004615,OK,1548008755920
fib_iter,go,90,0.004013,OK,2880067194370816120
fib_iter,python,90,0.000007,OK,TIME: 0.000007
fib_iter,vm,90,0.003911,OK,2880067194370816120
