task,target,n,time,status,output
fib_iter,go,40,0.009330,OK,102334155
fib_iter,python,40,0.057029,OK,102334155
fib_iter,vm,40,0.008988,OK,102334155
fib_iter,go,60,0.004048,OK,1548008755920
fib_iter,python,60,0.028898,OK,1548008755920
fib_iter,vm,60,0.004044,OK,1548008755920
fib_iter,go,90,0.003545,OK,2880067194370816120
fib_iter,python,90,0.028602,OK,2880067194370816120
fib_iter,vm,90,0.003704,OK,2880067194370816120
