task,target,n,time,status,output
fib_iter,go,30,0.004809,OK,832040
fib_iter,python,30,0.029128,OK,832040
fib_iter,vm,30,0.003724,OK,832040
fib_iter,go,35,0.003479,OK,9227465
fib_iter,python,35,0.028500,OK,9227465
fib_iter,vm,35,0.003717,OK,9227465
fib_iter,go,40,0.003519,OK,102334155
fib_iter,python,40,0.028872,OK,102334155
fib_iter,vm,40,0.003791,OK,102334155
