target,N,time_ns,time_s,wall_s,result,status
go,30,5871542,,0.255404,832040,OK
tengri-aot,30,5298875,,0.180781,832040,OK
c,30,5287208,,0.179120,832040,OK
rust,30,5302125,,0.204387,832040,OK
go,32,16412584,,0.022163,2178309,OK
tengri-aot,32,10293125,,0.013931,2178309,OK
c,32,10299125,,0.013189,2178309,OK
rust,32,10635208,,0.013630,2178309,OK
go,34,31150125,,0.035137,5702887,OK
tengri-aot,34,26886709,,0.029590,5702887,OK
c,34,26972750,,0.029845,5702887,OK
rust,34,27843625,,0.031028,5702887,OK
