target,N,time_ns,time_s,wall_s,result,status
go,30,4526708,,0.019749,832040,OK
tengri-aot,30,3951167,,0.008409,832040,OK
c,30,3890625,,0.007954,832040,OK
rust,30,4039083,,0.009598,832040,OK
go,32,11794000,,0.015460,2178309,OK
tengri-aot,32,10372625,,0.012872,2178309,OK
c,32,10237209,,0.012744,2178309,OK
rust,32,10541583,,0.013795,2178309,OK
go,34,31128292,,0.034798,5702887,OK
tengri-aot,34,26894750,,0.029560,5702887,OK
c,34,26957000,,0.029474,5702887,OK
rust,34,27806459,,0.031021,5702887,OK
