task,target,n,time,status,output
fib_iter,go,30,0.008631,OK,832040
fib_iter,python,30,0.029340,OK,832040
fib_iter,vm,30,0.008171,OK,832040
fib_iter,go,35,0.003527,OK,9227465
fib_iter,python,35,0.028651,OK,9227465
fib_iter,vm,35,0.003910,OK,9227465
fib_iter,go,40,0.003433,OK,102334155
fib_iter,python,40,0.028780,OK,102334155
fib_iter,vm,40,0.004004,OK,102334155
