task,target,n,time,status,output
fib_iter,go,100,0.010274,OK,3736710778780434371
fib_iter,python,100,0.029865,OK,354224848179261915075
fib_iter,vm,100,0.008778,OK,3736710778780434371
fib_iter,go,200,0.003580,OK,-1123705814761610347
fib_iter,python,200,0.028401,OK,280571172992510140037611932413038677189525
fib_iter,vm,200,0.003867,OK,8394940206042357789
fib_iter,go,300,0.003494,OK,-787873603839447536
fib_iter,python,300,0.029166,OK,222232244629420445529739893461909967206666939096499764990979600
fib_iter,vm,300,0.003733,OK,8394940206042357789
